Smiles,Probability,seq,header
C=CCOC(=O)CC1=CC=CC=C1,0.9690000000000001,MGDWNNSDAVEPIFILRGFPGLEYVHSWLSILFCLAYLVAFMGNVTILSVIWIESSLHQPMYYFISILAVNDLGMSLSTLPTMLAVLWLDAPEIQASACYAQLFFIHTFTFLESSVLLAMAFDRFVAICHPLHYPTILTNSVIGKIGLACLLRSLGVVLPTPLLLRHYHYCHGNALSHAFCLHQDVLRLSCTDARTNSIYGLCVVIATLGVDSIFILLSYVLILNTVLDIASREEQLKALNTCVSHICVVLIFFVPVIGVSMVHRFGKHLSPIVHILMADIYLLLPPVLNPIVYSVRTKQIRLGILHKFVLRRRF,OR51L1
CC1=CC[C@@H](CC1)C(=C)C,0.943,MGDWNNSDAVEPIFILRGFPGLEYVHSWLSILFCLAYLVAFMGNVTILSVIWIESSLHQPMYYFISILAVNDLGMSLSTLPTMLAVLWLDAPEIQASACYAQLFFIHTFTFLESSVLLAMAFDRFVAICHPLHYPTILTNSVIGKIGLACLLRSLGVVLPTPLLLRHYHYCHGNALSHAFCLHQDVLRLSCTDARTNSIYGLCVVIATLGVDSIFILLSYVLILNTVLDIASREEQLKALNTCVSHICVVLIFFVPVIGVSMVHRFGKHLSPIVHILMADIYLLLPPVLNPIVYSVRTKQIRLGILHKFVLRRRF,OR51L1
CC(CC1=CC=C(C=C1)C(C)(C)C)C=O,0.919,MGDWNNSDAVEPIFILRGFPGLEYVHSWLSILFCLAYLVAFMGNVTILSVIWIESSLHQPMYYFISILAVNDLGMSLSTLPTMLAVLWLDAPEIQASACYAQLFFIHTFTFLESSVLLAMAFDRFVAICHPLHYPTILTNSVIGKIGLACLLRSLGVVLPTPLLLRHYHYCHGNALSHAFCLHQDVLRLSCTDARTNSIYGLCVVIATLGVDSIFILLSYVLILNTVLDIASREEQLKALNTCVSHICVVLIFFVPVIGVSMVHRFGKHLSPIVHILMADIYLLLPPVLNPIVYSVRTKQIRLGILHKFVLRRRF,OR51L1
CC1=CC(=C(C=C1)C(C)C)O,0.878,MGDWNNSDAVEPIFILRGFPGLEYVHSWLSILFCLAYLVAFMGNVTILSVIWIESSLHQPMYYFISILAVNDLGMSLSTLPTMLAVLWLDAPEIQASACYAQLFFIHTFTFLESSVLLAMAFDRFVAICHPLHYPTILTNSVIGKIGLACLLRSLGVVLPTPLLLRHYHYCHGNALSHAFCLHQDVLRLSCTDARTNSIYGLCVVIATLGVDSIFILLSYVLILNTVLDIASREEQLKALNTCVSHICVVLIFFVPVIGVSMVHRFGKHLSPIVHILMADIYLLLPPVLNPIVYSVRTKQIRLGILHKFVLRRRF,OR51L1
C1=CC=C2C(=C1)C=CC=N2,0.858,MGDWNNSDAVEPIFILRGFPGLEYVHSWLSILFCLAYLVAFMGNVTILSVIWIESSLHQPMYYFISILAVNDLGMSLSTLPTMLAVLWLDAPEIQASACYAQLFFIHTFTFLESSVLLAMAFDRFVAICHPLHYPTILTNSVIGKIGLACLLRSLGVVLPTPLLLRHYHYCHGNALSHAFCLHQDVLRLSCTDARTNSIYGLCVVIATLGVDSIFILLSYVLILNTVLDIASREEQLKALNTCVSHICVVLIFFVPVIGVSMVHRFGKHLSPIVHILMADIYLLLPPVLNPIVYSVRTKQIRLGILHKFVLRRRF,OR51L1
C1CCCCCCCOC(=O)CCCCCC1,0.8540000000000001,MGDWNNSDAVEPIFILRGFPGLEYVHSWLSILFCLAYLVAFMGNVTILSVIWIESSLHQPMYYFISILAVNDLGMSLSTLPTMLAVLWLDAPEIQASACYAQLFFIHTFTFLESSVLLAMAFDRFVAICHPLHYPTILTNSVIGKIGLACLLRSLGVVLPTPLLLRHYHYCHGNALSHAFCLHQDVLRLSCTDARTNSIYGLCVVIATLGVDSIFILLSYVLILNTVLDIASREEQLKALNTCVSHICVVLIFFVPVIGVSMVHRFGKHLSPIVHILMADIYLLLPPVLNPIVYSVRTKQIRLGILHKFVLRRRF,OR51L1
CC1=CC=C(C=C1)C(=C)C,0.847,MGDWNNSDAVEPIFILRGFPGLEYVHSWLSILFCLAYLVAFMGNVTILSVIWIESSLHQPMYYFISILAVNDLGMSLSTLPTMLAVLWLDAPEIQASACYAQLFFIHTFTFLESSVLLAMAFDRFVAICHPLHYPTILTNSVIGKIGLACLLRSLGVVLPTPLLLRHYHYCHGNALSHAFCLHQDVLRLSCTDARTNSIYGLCVVIATLGVDSIFILLSYVLILNTVLDIASREEQLKALNTCVSHICVVLIFFVPVIGVSMVHRFGKHLSPIVHILMADIYLLLPPVLNPIVYSVRTKQIRLGILHKFVLRRRF,OR51L1
C1CCCCCC(=O)NCCCCC1,0.841,MGDWNNSDAVEPIFILRGFPGLEYVHSWLSILFCLAYLVAFMGNVTILSVIWIESSLHQPMYYFISILAVNDLGMSLSTLPTMLAVLWLDAPEIQASACYAQLFFIHTFTFLESSVLLAMAFDRFVAICHPLHYPTILTNSVIGKIGLACLLRSLGVVLPTPLLLRHYHYCHGNALSHAFCLHQDVLRLSCTDARTNSIYGLCVVIATLGVDSIFILLSYVLILNTVLDIASREEQLKALNTCVSHICVVLIFFVPVIGVSMVHRFGKHLSPIVHILMADIYLLLPPVLNPIVYSVRTKQIRLGILHKFVLRRRF,OR51L1
CC1CCC(C(=O)C1)C(C)C,0.835,MGDWNNSDAVEPIFILRGFPGLEYVHSWLSILFCLAYLVAFMGNVTILSVIWIESSLHQPMYYFISILAVNDLGMSLSTLPTMLAVLWLDAPEIQASACYAQLFFIHTFTFLESSVLLAMAFDRFVAICHPLHYPTILTNSVIGKIGLACLLRSLGVVLPTPLLLRHYHYCHGNALSHAFCLHQDVLRLSCTDARTNSIYGLCVVIATLGVDSIFILLSYVLILNTVLDIASREEQLKALNTCVSHICVVLIFFVPVIGVSMVHRFGKHLSPIVHILMADIYLLLPPVLNPIVYSVRTKQIRLGILHKFVLRRRF,OR51L1
C1CCCCCC(=O)OCCCCC1,0.833,MGDWNNSDAVEPIFILRGFPGLEYVHSWLSILFCLAYLVAFMGNVTILSVIWIESSLHQPMYYFISILAVNDLGMSLSTLPTMLAVLWLDAPEIQASACYAQLFFIHTFTFLESSVLLAMAFDRFVAICHPLHYPTILTNSVIGKIGLACLLRSLGVVLPTPLLLRHYHYCHGNALSHAFCLHQDVLRLSCTDARTNSIYGLCVVIATLGVDSIFILLSYVLILNTVLDIASREEQLKALNTCVSHICVVLIFFVPVIGVSMVHRFGKHLSPIVHILMADIYLLLPPVLNPIVYSVRTKQIRLGILHKFVLRRRF,OR51L1
