Final_Sequence,Probability,Receptor,smiles
MRQINQTQVTEFLLLGLSDGPHTEQLLFIVLLGVYLVTVLGNLLLISLVHVDSQLHTPMYFFLCNLSLADLCFSTNIVPQALVHLLSRKKVIAFTLCAARLLFFLIFGCTQCALLAVMSYDRYVAICNPLRYPNIMTWKVCVQLATGSWTSGILVSVVDTTFILRLPYRGSNSIAHFFCEAPALLILASTDTHASEMAIFLMGVVILLIPVFLILVSYGRIIVTVVKMKSTVGSLKAFSTCGSHLMVVILFYGSAIITYMTPKSSKQQEKSVSVFYAIVTPMLNPLIYSLRNKDVKAALRKVATRNFP,0.995,OR2D2,CC1=CC[C@H](CC1=O)C(=C)C
MMWENWTIVSEFVLVSFSALSTELQALLFLLFLTIYLVTLMGNVLIILVTIADSALQSPMYFFLRNLSFLEIGFNLVIVPKMLGTLIIQDTTISFLGCATQMYFFFFFGAAECCLLATMAYDRYVAICDPLHYPVIMGHISCAQLAAASWFSGFSVATVQTTWIFSFPFCGPNRVNHFFCDSPPVIALVCADTSVFELEALTATVLFILFPFLLILGSYVRILSTIFRMPSAEGKHQAFSTCSAHLLVVSLFYSTAILTYFRPQSSASSESKKLLSLSSTVVTPMLNPIIYSSRNKEVKAALKRLIHRTLGSQKL,0.993,OR10A4,CC1=CC[C@H](CC1=O)C(=C)C
MGMEGLLQNSTNFVLTGLITHPAFPGLLFAIVFSIFVVAITANLVMILLIHMDSRLHTPMYFLLSQLSIMDTIYICITVPKMLQDLLSKDKTISFLGCAVQIFLYLTLIGGEFFLLGLMAYDRYVAVCNPLRYPLLMNRRVCLFMVVGSWVGGSLDGFMLTPVTMSFPFCRSREINHFFCEIPAVLKLSCTDTSLYETLMYACCVLMLLIPLSVISVSYTHILLTVHRMNSAEGRRKAFATCSSHIMVVSVFYGAAFYTNVLPHSYHTPEKDKVVSAFYTILTPMLNPLIYSLRNKDVAAALRKVLGRCGSSQSIRVATVIRKG,0.991,OR2T2,CC1=CC[C@H](CC1=O)C(=C)C
MKKEQDSNVTEFVLLGLSSSWELQLFLFLLFLFFYIAIVLGNLLIVVTVQAHAHLLQSPMYYFLGHLSFIDLCLSCVTVPKMLGDFLQQGKSISFSGCLAQIYFLHFLGASEMFLLTVMAYDRYVAICNPLRYLTVMNPQLCLWLVLACWCGGFIHSIMQVILVIQLPFCGPNELDNFYCDVPQVIKLACMDTYVVEVLVIANSGLLSLVCFLVLLFSYAIILITLRTHFCQGQNKVFSTCASHLTVVSLIFVPCVFIYLRPFCSFSVDKIFSLFYTVITPMLNPLIYTLRNTDMKTAMKKLRIKPCGIPLPC,0.9890000000000001,OR4Q3,CC1=CC[C@H](CC1=O)C(=C)C
MDSLNQTRVTEFVFLGLTDNRVLEMLFFMAFSAIYMLTLSGNILIIIATVFTPSLHTPMYFFLSNLSFIDICHSSVTVPKMLEGLLLERKTISFDNCITQLFFLHLFACAEIFLLIIVAYDRYVAICTPLHYPNVMNMRVCIQLVFALWLGGTVHSLGQTFLTIRLPYCGPNIIDSYFCDVPLVIKLACTDTYLTGILIVTNSGTISLSCFLAVVTSYMVILVSLRKHSAEGRQKALSTCSAHFMVVALFFGPCIFIYTRPDTSFSIDKVVSVFYTVVTPLLNPFIYTLRNEEVKSAMKQLRQRQVFFTKSYT,0.988,OR4E2,CC1=CC[C@H](CC1=O)C(=C)C
MEGKNLTSISECFLLGFSEQLEEQKPLFGSFLFMYLVTVAGNLLIILVIITDTQLHTPMYFFLANLSLADACFVSTTVPKMLANIQIQSQAISYSGCLLQLYFFMLFVMLEAFLLAVMAYDCYVAICHPLHYILIMSPGLCIFLVSASWIMNALHSLLHTLLMNSLSFCANHEIPHFFCDINPLLSLSCTDPFTNELVIFITGGLTGLICVLCLIISYTNVFSTILKIPSAQGKRKAFSTCSSHLSVVSLFFGTSFCVDFSSPSTHSAQKDTVASVMYTVVTPMLNPFIYSLRNQEIKSSLRKLIWVRKIHSP,0.988,OR1G1,CC1=CC[C@H](CC1=O)C(=C)C
MEAANESSEGISFVLLGLTTSPGQQRPLFVLFLLLYVASLLGNGLIVAAIQASPALHAPMYFLLAHLSFADLCFASVTVPKMLANLLAHDHSISLAGCLTQMYFFFALGVTDSCLLAAMAYDCYVAIRHPLPYATRMSRAMCAALVGMAWLVSHVHSLLYILLMARLSFCASHQVPHFFCDHQPLLRLSCSDTHHIQLLIFTEGAAVVVTPFLLILASYGAIAAAVLQLPSASGRLRAVSTCGSHLAVVSLFYGTVIAVYFQATSRREAEWGRVATVMYTVVTPMLNPIIYSLWNRDVQGALRALLIGRRISASDS,0.986,OR1K1,CC1=CC[C@H](CC1=O)C(=C)C
MGMEGLLQNSTNFVLTGLITHPAFPGLLFAVVFSIFVVAITANLVMILLIHMDSRLHTPMYFLLSQLSIMDTIYICITVPKMLQDLLSKDKTISFLGCAVQIFYLTLIGGEFFLLGLMAYDRYVAVCNPLRYPLLMNRRVCLFMVVGSWVGGSLDGFMLTPVTMSFPFCRSREINHFFCEIPAVLKLSCTDTSLYETLMYACCVLMLLIPLSVISVSYTHILLTVHRMNSAEGRRKAFATCSSHIMVVSVFYGAAFYTNVLPHSYHTPEKDKVVSAFYTILTPMLNPLIYSLRNKDVAAALRKVLGRCGSSQSIRVATVIRKG,0.985,OR2T35,CC1=CC[C@H](CC1=O)C(=C)C
MCSGNQTSQNQTASTDFTLTGLFAESKHAALLYTVTFLLFLMALTGNALLILLIHSEPRLHTPMYFFISQLALMDLMYLCVTVPKMLVGQVTGDDTISPSGCGIQMFFYLTLAGAEVFLLAAMAYDRYAAVCRPLHYPLLMNQRVCQLLVSACWVLGMVDGLLLTPITMSFPFCQSRKILSFFCETPALLKLSCSDVSLYKTLMYLCCILMLLAPIMVISSSYTLILHLIHRMNSAAGHRKALATCSSHMIIVLLLFGASFYTYMLPSSYHTAEQDMMVSAFYTIFTPVLNPLIYSLRNKDVTRALRSMMQSRMNQEK,0.9840000000000001,OR2T3,CC1=CC[C@H](CC1=O)C(=C)C
MMEIANVSSPEVFVLLGFSTRPSLETVLFIVVLSFYMVSILGNGIIILVSHTDVHLHTPMYFFLANLPFLDMSFTTSIVPQLLANLWGPQKTISYGGCVVQFYISHWLGATECVLLATMSYDRYAAICRPLHYTVIMHPQLCLGLALASWLGGLTTSMVGSTLTMLLPLCGNNCIDHFFCEMPLIMQLACVDTSLNEMEMYLASFVFVVLPLGLILVSYGHIARAVLKIRSAEGRRKAFNTCSSHVAVVSLFYGSIIFMYLQPAKSTSHEQGKFIALFYTVVTPALNPLIYTLRNTEVKSALRHMVLENCCGSAGKLAQI,0.98,OR2C3,CC1=CC[C@H](CC1=O)C(=C)C
